{"version":1,"resource":"file:///var/www/html/web/www/html/final/loginConMod/login.php","entries":[{"id":"dPpg.php","timestamp":1733216193010},{"id":"D1bH.php","timestamp":1733225522669},{"id":"mnWh.php","timestamp":1733225650619},{"id":"wO9X.php","timestamp":1733225673919},{"id":"5x5R.php","source":"undoRedo.source","timestamp":1733225981892},{"id":"GeYL.php","timestamp":1733235603495},{"id":"qix2.php","timestamp":1733237427323},{"id":"RfiJ.php","timestamp":1733237488954},{"id":"aIOt.php","timestamp":1733237758143},{"id":"eT8p.php","timestamp":1733237909726},{"id":"quby.php","timestamp":1733238017417},{"id":"i5tx.php","timestamp":1733239836048},{"id":"ZXHu.php","timestamp":1733239857488},{"id":"f4M9.php","timestamp":1733239909290},{"id":"1ANN.php","timestamp":1733239931093},{"id":"COC6.php","timestamp":1733240016400},{"id":"qHTB.php","timestamp":1733240085375},{"id":"cQBC.php","timestamp":1733240391946},{"id":"JOgW.php","timestamp":1733240553636},{"id":"f20D.php","timestamp":1733240604140},{"id":"WzrH.php","timestamp":1733240670911},{"id":"h6EM.php","timestamp":1733240758249},{"id":"Xmso.php","timestamp":1733240774101},{"id":"fMKf.php","timestamp":1733240798629},{"id":"7zxJ.php","timestamp":1733240815073},{"id":"JcOP.php","timestamp":1733240825344},{"id":"lq4Z.php","source":"undoRedo.source","timestamp":1733240929979},{"id":"4NH3.php","timestamp":1733240961951},{"id":"ta3I.php","timestamp":1733241106177},{"id":"uIfr.php","timestamp":1733241277819},{"id":"DmcP.php","timestamp":1733241294786},{"id":"Wx08.php","timestamp":1733249679759},{"id":"cpor.php","timestamp":1733249703906}]}