{"version":1,"resource":"file:///var/www/html/web/www/html/final/dashmin/perfilAdmin.html","entries":[{"id":"3nbM.html","timestamp":1733218946001},{"id":"mKSr.html","timestamp":1733219143809},{"id":"WCQR.html","timestamp":1733219297627},{"id":"BN0f.html","timestamp":1733219489952},{"id":"bBSm.html","timestamp":1733219703433},{"id":"YuyI.html","timestamp":1733220025213},{"id":"g9yX.html","timestamp":1733220566083},{"id":"LJtR.html","timestamp":1733220767669},{"id":"1blO.html","timestamp":1733221275055},{"id":"cVwU.html","timestamp":1733221431957},{"id":"EQu2.html","timestamp":1733221593475},{"id":"ZiRY.html","timestamp":1733221750305},{"id":"Cmq9.html","timestamp":1733222335898},{"id":"9tuy.html","timestamp":1733304254318},{"id":"RNdb.html","timestamp":1733304433693},{"id":"JFSI.html","timestamp":1733304456049},{"id":"AEOr.html","timestamp":1733304539484},{"id":"574U.html","source":"undoRedo.source","timestamp":1733304544424},{"id":"L2xn.html","timestamp":1733304549416},{"id":"MMPR.html","timestamp":1733304697258}]}