{"version":1,"resource":"file:///var/www/html/web/www/html/final/ulio-html/listadoFotosDia.php","entries":[{"id":"dKRu.php","timestamp":1733227979326},{"id":"TwJl.php","timestamp":1733228088557},{"id":"N6XF.php","timestamp":1733228356282},{"id":"4i7n.php","timestamp":1733228388886},{"id":"2MUa.php","timestamp":1733228867940},{"id":"Kevl.php","timestamp":1733234805451},{"id":"6J3d.php","timestamp":1733234841623},{"id":"5iur.php","source":"undoRedo.source","timestamp":1733234848639},{"id":"R0S5.php","timestamp":1733234864243},{"id":"Qtph.php","timestamp":1733234882407},{"id":"oWh0.php","source":"undoRedo.source","timestamp":1733234934750},{"id":"RQoB.php","timestamp":1733235890580},{"id":"k2Wa.php","timestamp":1733235933500},{"id":"SltT.php","timestamp":1733236255028},{"id":"UKan.php","timestamp":1733236415398},{"id":"VTIN.php","timestamp":1733236637807},{"id":"A5nw.php","timestamp":1733237004987},{"id":"vq2h.php","timestamp":1733237043511},{"id":"SEjm.php","timestamp":1733237071735}]}