{"version":1,"resource":"file:///var/www/html/web/www/html/final/ulio-html/listadoFotosRovers.php","entries":[{"id":"ZEyi.php","timestamp":1733244376252},{"id":"zO9F.php","timestamp":1733244478584},{"id":"ZZ9A.php","timestamp":1733244515303},{"id":"tJQA.php","timestamp":1733244666171},{"id":"sMKz.php","timestamp":1733244683214},{"id":"JyVW.php","timestamp":1733244765629},{"id":"xaUW.php","timestamp":1733244880104},{"id":"uChs.php","timestamp":1733244976759},{"id":"M3L6.php","timestamp":1733245638839},{"id":"EavR.php","timestamp":1733245656919},{"id":"880j.php","timestamp":1733245991582},{"id":"0nqc.php","timestamp":1733246294378},{"id":"32RC.php","timestamp":1733246317553},{"id":"I893.php","timestamp":1733246339341},{"id":"mlqQ.php","timestamp":1733246439343},{"id":"GCPB.php","timestamp":1733247562826},{"id":"gO7k.php","timestamp":1733249475837}]}