{"version":1,"resource":"file:///var/www/html/web/www/html/final/dashmin/list_uploads.php","entries":[{"id":"4Uxw.php","timestamp":1733304445045},{"id":"Bf3z.php","timestamp":1733304623571},{"id":"3FVC.php","timestamp":1733304647307},{"id":"b0JD.php","timestamp":1733304686206},{"id":"mXBU.php","timestamp":1733304760493},{"id":"beZM.php","timestamp":1733304908723},{"id":"QZ7I.php","timestamp":1733304923411},{"id":"LZra.php","timestamp":1733305021522},{"id":"SWjQ.php","timestamp":1733305209972},{"id":"nBje.php","timestamp":1733305329034},{"id":"CiOH.php","timestamp":1733305347778},{"id":"zqOj.php","timestamp":1733305413133},{"id":"Kpss.php","timestamp":1733305582818},{"id":"xNJ2.php","timestamp":1733305672180},{"id":"CRSs.php","timestamp":1733305751175},{"id":"tSVK.php","timestamp":1733305816746},{"id":"JVi7.php","timestamp":1733305888397},{"id":"PLTD.php","timestamp":1733306914675}]}