{"version":1,"resource":"file:///var/www/html/web/www/html/final/dashmin/upload.php","entries":[{"id":"ywSJ.php","timestamp":1733219453789},{"id":"Sqye.php","timestamp":1733219567855},{"id":"vNvh.php","timestamp":1733220006442},{"id":"C6yN.php","timestamp":1733220153164},{"id":"wm3B.php","timestamp":1733220390761},{"id":"cnk1.php","timestamp":1733220475324},{"id":"8op5.php","timestamp":1733220574947},{"id":"7ezl.php","timestamp":1733220624454},{"id":"qd8n.php","timestamp":1733220779040},{"id":"sJsD.php","timestamp":1733221284078},{"id":"cgUJ.php","timestamp":1733221902783},{"id":"yW7f.php","timestamp":1733222458829}]}